<?xml version = '1.0' encoding = 'UTF-8'?>
<UserOraclev10g class="oracle.dbtools.crest.model.design.storage.oracle.v10g.UserOraclev10g" name="HR" directorySegmentName="seg_0" id="CC77B0F3-6A65-F4DF-1439-B1693A90C09B">
<sourceConnName>namjeongwoo</sourceConnName>
<sourceObjName>HR</sourceObjName>
<createdBy>Namjeongwoo</createdBy>
<createdTime>2019-03-04 06:52:21 UTC</createdTime>
<ownerDesignName>tt</ownerDesignName>
<schemaObject>22323AE9-764E-4B5A-270D-1A999CDE0AA5</schemaObject>
<defTableSpace>C1BBFC7A-E578-A71C-7C51-AB222C4BC14D</defTableSpace>
<privileges>CREATE VIEW, UNLIMITED TABLESPACE, CREATE DATABASE LINK, CREATE SEQUENCE, CREATE SESSION, ALTER SESSION, CREATE SYNONYM</privileges>
<quotaItems>
<QuotaItem class="oracle.dbtools.crest.model.design.storage.oracle.v10g.QuotaItemOraclev10g" name="QuotaItem1" id="01921B0A-F017-B193-BC16-282E2FB823C4">
<createdBy>Namjeongwoo</createdBy>
<createdTime>2019-03-04 06:52:21 UTC</createdTime>
<ownerDesignName>tt</ownerDesignName>
</QuotaItem>
<QuotaItem class="oracle.dbtools.crest.model.design.storage.oracle.v10g.QuotaItemOraclev10g" name="QuotaItem2" id="FAC96C93-5969-557E-57F5-DD0E3DBEF9BF">
<createdBy>Namjeongwoo</createdBy>
<createdTime>2019-03-04 06:52:31 UTC</createdTime>
<ownerDesignName>tt</ownerDesignName>
<tableSpace>C1BBFC7A-E578-A71C-7C51-AB222C4BC14D</tableSpace>
</QuotaItem>
</quotaItems>
</UserOraclev10g>