<?xml version = '1.0' encoding = 'UTF-8'?>
<TableSpaceOraclev10g class="oracle.dbtools.crest.model.design.storage.oracle.v10g.TableSpaceOraclev10g" name="USERS" directorySegmentName="seg_0" id="C1BBFC7A-E578-A71C-7C51-AB222C4BC14D">
<sourceConnName>namjeongwoo</sourceConnName>
<sourceObjSchema>HR</sourceObjSchema>
<sourceObjName>USERS</sourceObjName>
<createdBy>Namjeongwoo</createdBy>
<createdTime>2019-03-04 06:52:21 UTC</createdTime>
<ownerDesignName>tt</ownerDesignName>
<emUniformSize>0</emUniformSize>
<extentManagement>LOCAL</extentManagement>
</TableSpaceOraclev10g>