<?xml version = '1.0' encoding = 'UTF-8'?>
<relationalModel class="oracle.dbtools.crest.model.design.relational.RelationalDesign" name="Relational_2" id="7B02581C-88CE-BF9A-5284-BE6C1C63B872" mainViewID="82A0A3AC-BB6C-47FD-4D54-172827C45AB9">
<createdBy>Namjeongwoo</createdBy>
<createdTime>2019-03-04 06:35:50 UTC</createdTime>
<ownerDesignName>tt</ownerDesignName>
<shouldBeOpen>false</shouldBeOpen>
<selectedRDBMSSite>32076570-2523-435C-2E92-BF29817DFF70</selectedRDBMSSite>
<importConnectionStamps>
<importConnectionStamp class="oracle.dbtools.crest.imports.DBConnectionStamp">
<connName>namjeongwoo</connName>
<connUser>HR</connUser>
<connType>1</connType>
</importConnectionStamp>
</importConnectionStamps>
</relationalModel>