<?xml version = '1.0' encoding = 'UTF-8'?>
<TableProxyOraclev11g class="oracle.dbtools.crest.model.design.storage.oracle.v11g.TableProxyOraclev11g" name="tt_board" directorySegmentName="seg_0" id="2CF63A87-11C2-EC0B-7C98-7FC3F91F5A24">
<createdBy>Namjeongwoo</createdBy>
<createdTime>2019-03-04 06:52:20 UTC</createdTime>
<ownerDesignName>tt</ownerDesignName>
<logging>YES</logging>
<partitionedRowMovement>DISABLE</partitionedRowMovement>
<temporaryChanged>false</temporaryChanged>
<accessDriverType>oracle_loader</accessDriverType>
<rejectLimit></rejectLimit>
<columnProxies itemClass="oracle.dbtools.crest.model.design.storage.oracle.v12c.ColumnProxyOraclev12c">
<ColumnProxy name="tt_board_date" id="0E13C42A-825C-8581-8726-2A82B8C637BA">
<createdBy>Namjeongwoo</createdBy>
<createdTime>2019-03-04 07:33:13 UTC</createdTime>
<ownerDesignName>tt</ownerDesignName>
</ColumnProxy>
<ColumnProxy name="tt_board_content" id="2749A18F-27E0-119A-B907-AB5D302BC442">
<createdBy>Namjeongwoo</createdBy>
<createdTime>2019-03-04 07:28:07 UTC</createdTime>
<ownerDesignName>tt</ownerDesignName>
</ColumnProxy>
<ColumnProxy name="tt_board_cnt" id="2BD33611-F463-163A-57A4-D2C97E020D89">
<createdBy>Namjeongwoo</createdBy>
<createdTime>2019-03-04 07:28:07 UTC</createdTime>
<ownerDesignName>tt</ownerDesignName>
</ColumnProxy>
<ColumnProxy name="tt_board_upload" id="369B9867-A321-D8BF-A6D0-49AC690E4315">
<createdBy>Namjeongwoo</createdBy>
<createdTime>2019-03-04 07:33:50 UTC</createdTime>
<ownerDesignName>tt</ownerDesignName>
</ColumnProxy>
<ColumnProxy name="id" id="993DAB13-9C5C-BD5D-5DA7-898F9D264393">
<createdBy>Namjeongwoo</createdBy>
<createdTime>2019-03-04 07:31:43 UTC</createdTime>
<ownerDesignName>tt</ownerDesignName>
</ColumnProxy>
<ColumnProxy name="tt_board_num" id="B1F8DC25-E632-3BFC-2A4B-D2A744C444CE">
<createdBy>Namjeongwoo</createdBy>
<createdTime>2019-03-04 07:28:07 UTC</createdTime>
<ownerDesignName>tt</ownerDesignName>
</ColumnProxy>
<ColumnProxy name="tt_board_title" id="FFB75A46-61EF-094D-6352-57F77B5C78DD">
<createdBy>Namjeongwoo</createdBy>
<createdTime>2019-03-04 07:28:07 UTC</createdTime>
<ownerDesignName>tt</ownerDesignName>
</ColumnProxy>
</columnProxies>
<foreignKeys>
<ForeignKey class="oracle.dbtools.crest.model.design.storage.oracle.v10g.FKProxyOraclev10g" name="tt_board_member_FK" id="D88DCD2E-E83D-6810-6A53-1740F0B056EC">
<createdBy>Namjeongwoo</createdBy>
<createdTime>2019-03-04 07:32:13 UTC</createdTime>
<ownerDesignName>tt</ownerDesignName>
</ForeignKey>
</foreignKeys>
<primaryKeys>
<PrimaryKey class="oracle.dbtools.crest.model.design.storage.oracle.v10g.PKProxyOraclev10g" name="tt_board_PK" id="CA256139-C433-100E-2A44-D5476F3D0C27">
<createdBy>Namjeongwoo</createdBy>
<createdTime>2019-03-04 07:28:07 UTC</createdTime>
<ownerDesignName>tt</ownerDesignName>
<indexSort>SORTED</indexSort>
</PrimaryKey>
</primaryKeys>
</TableProxyOraclev11g>