<?xml version = '1.0' encoding = 'UTF-8'?>
<TableProxyOraclev11g class="oracle.dbtools.crest.model.design.storage.oracle.v11g.TableProxyOraclev11g" name="tt_comm" directorySegmentName="seg_0" id="3D5D9719-A577-A898-28B2-705F39B0FA6B">
<createdBy>Namjeongwoo</createdBy>
<createdTime>2019-03-04 06:52:20 UTC</createdTime>
<ownerDesignName>tt</ownerDesignName>
<logging>YES</logging>
<partitionedRowMovement>DISABLE</partitionedRowMovement>
<temporaryChanged>false</temporaryChanged>
<accessDriverType>oracle_loader</accessDriverType>
<rejectLimit></rejectLimit>
<columnProxies itemClass="oracle.dbtools.crest.model.design.storage.oracle.v12c.ColumnProxyOraclev12c">
<ColumnProxy name="tt_board_num" id="16A3373E-8EE1-8410-41DA-69C5DAEB9266">
<createdBy>Namjeongwoo</createdBy>
<createdTime>2019-03-04 07:35:06 UTC</createdTime>
<ownerDesignName>tt</ownerDesignName>
</ColumnProxy>
<ColumnProxy name="tt_comm_num" id="67008E11-BE39-0401-DB2F-1C302465DC17">
<createdBy>Namjeongwoo</createdBy>
<createdTime>2019-03-04 07:35:06 UTC</createdTime>
<ownerDesignName>tt</ownerDesignName>
</ColumnProxy>
<ColumnProxy name="id" id="7DFB9F2A-1C65-7014-FDF6-81B85E25E71C">
<createdBy>Namjeongwoo</createdBy>
<createdTime>2019-03-04 07:38:28 UTC</createdTime>
<ownerDesignName>tt</ownerDesignName>
</ColumnProxy>
<ColumnProxy name="tt_comm_date" id="997D204D-8983-4556-656C-EFB74F3CAF0A">
<createdBy>Namjeongwoo</createdBy>
<createdTime>2019-03-04 07:37:01 UTC</createdTime>
<ownerDesignName>tt</ownerDesignName>
</ColumnProxy>
<ColumnProxy name="tt_comm_reply" id="A842BDB2-78EA-75BE-CE3A-D0814030C888">
<createdBy>Namjeongwoo</createdBy>
<createdTime>2019-03-04 07:36:37 UTC</createdTime>
<ownerDesignName>tt</ownerDesignName>
</ColumnProxy>
</columnProxies>
<foreignKeys>
<ForeignKey class="oracle.dbtools.crest.model.design.storage.oracle.v10g.FKProxyOraclev10g" name="tt_comm_tt_board_FK" id="6A55DBE9-34DA-B262-FFF6-EB86C59E3B51">
<createdBy>Namjeongwoo</createdBy>
<createdTime>2019-03-04 07:35:42 UTC</createdTime>
<ownerDesignName>tt</ownerDesignName>
</ForeignKey>
<ForeignKey class="oracle.dbtools.crest.model.design.storage.oracle.v10g.FKProxyOraclev10g" name="tt_comm_member_FK" id="DDDC6A64-6632-604B-D471-7134C6715F89">
<createdBy>Namjeongwoo</createdBy>
<createdTime>2019-03-04 07:38:38 UTC</createdTime>
<ownerDesignName>tt</ownerDesignName>
</ForeignKey>
</foreignKeys>
<primaryKeys>
<PrimaryKey class="oracle.dbtools.crest.model.design.storage.oracle.v10g.PKProxyOraclev10g" name="tt_comm_PK" id="69049338-239C-D9CF-9D1B-2C86D31CC1EA">
<createdBy>Namjeongwoo</createdBy>
<createdTime>2019-03-04 07:35:06 UTC</createdTime>
<ownerDesignName>tt</ownerDesignName>
<indexSort>SORTED</indexSort>
</PrimaryKey>
</primaryKeys>
</TableProxyOraclev11g>