<?xml version = '1.0' encoding = 'UTF-8'?>
<TableProxyOraclev11g class="oracle.dbtools.crest.model.design.storage.oracle.v11g.TableProxyOraclev11g" name="tt_member" directorySegmentName="seg_0" id="5BDDD909-BA95-964B-0D1A-55F7594CD4E4">
<createdBy>Namjeongwoo</createdBy>
<createdTime>2019-03-04 06:52:20 UTC</createdTime>
<ownerDesignName>tt</ownerDesignName>
<logging>YES</logging>
<partitionedRowMovement>DISABLE</partitionedRowMovement>
<temporaryChanged>false</temporaryChanged>
<accessDriverType>oracle_loader</accessDriverType>
<rejectLimit></rejectLimit>
<columnProxies itemClass="oracle.dbtools.crest.model.design.storage.oracle.v12c.ColumnProxyOraclev12c">
<ColumnProxy name="id" id="5CC194B1-B9AA-B497-FDC9-A0D296AF1517">
<createdBy>Namjeongwoo</createdBy>
<createdTime>2019-03-04 06:52:20 UTC</createdTime>
<ownerDesignName>tt</ownerDesignName>
</ColumnProxy>
<ColumnProxy name="admin_pass" id="A0ED59F3-15BA-D7BA-61FC-D75C0A001A22">
<createdBy>Namjeongwoo</createdBy>
<createdTime>2019-03-04 07:44:29 UTC</createdTime>
<ownerDesignName>tt</ownerDesignName>
</ColumnProxy>
</columnProxies>
<primaryKeys>
<PrimaryKey class="oracle.dbtools.crest.model.design.storage.oracle.v10g.PKProxyOraclev10g" name="member_PK" id="61AA6ED0-1AC9-5199-A3B0-F7A5FB366D69">
<createdBy>Namjeongwoo</createdBy>
<createdTime>2019-03-04 06:52:20 UTC</createdTime>
<ownerDesignName>tt</ownerDesignName>
<indexSort>SORTED</indexSort>
</PrimaryKey>
</primaryKeys>
</TableProxyOraclev11g>