<?xml version = '1.0' encoding = 'UTF-8'?>
<TableProxyOraclev11g class="oracle.dbtools.crest.model.design.storage.oracle.v11g.TableProxyOraclev11g" name="tt_package" directorySegmentName="seg_0" id="78A6CF92-7928-DFFE-AE26-2E836FE211F0">
<createdBy>Namjeongwoo</createdBy>
<createdTime>2019-03-04 06:52:20 UTC</createdTime>
<ownerDesignName>tt</ownerDesignName>
<logging>YES</logging>
<partitionedRowMovement>DISABLE</partitionedRowMovement>
<temporaryChanged>false</temporaryChanged>
<accessDriverType>oracle_loader</accessDriverType>
<rejectLimit></rejectLimit>
<columnProxies itemClass="oracle.dbtools.crest.model.design.storage.oracle.v12c.ColumnProxyOraclev12c">
<ColumnProxy name="package_sdate" id="0CFD3A86-13BF-3CF1-C418-6613BA920B8F">
<createdBy>Namjeongwoo</createdBy>
<createdTime>2019-03-04 07:00:03 UTC</createdTime>
<ownerDesignName>tt</ownerDesignName>
</ColumnProxy>
<ColumnProxy name="package_sloc" id="2F17D556-0A74-9876-26DC-3F36117BB851">
<createdBy>Namjeongwoo</createdBy>
<createdTime>2019-03-05 00:28:01 UTC</createdTime>
<ownerDesignName>tt</ownerDesignName>
</ColumnProxy>
<ColumnProxy name="package_start_time" id="3D6F6ED2-19CB-B959-68AA-EDA20578BB39">
<createdBy>Namjeongwoo</createdBy>
<createdTime>2019-03-04 07:08:25 UTC</createdTime>
<ownerDesignName>tt</ownerDesignName>
</ColumnProxy>
<ColumnProxy name="package_num" id="4F8B5B82-D3C2-0064-59FE-8504431292BC">
<createdBy>Namjeongwoo</createdBy>
<createdTime>2019-03-04 07:00:03 UTC</createdTime>
<ownerDesignName>tt</ownerDesignName>
</ColumnProxy>
<ColumnProxy name="package_return_time" id="7086C34C-05D2-529F-8AD4-6905780DEBDC">
<createdBy>Namjeongwoo</createdBy>
<createdTime>2019-03-05 00:29:13 UTC</createdTime>
<ownerDesignName>tt</ownerDesignName>
</ColumnProxy>
<ColumnProxy name="package_rdate" id="A1BCF0F6-C89A-1BCD-2BAD-D2F793665C14">
<createdBy>Namjeongwoo</createdBy>
<createdTime>2019-03-05 00:26:32 UTC</createdTime>
<ownerDesignName>tt</ownerDesignName>
</ColumnProxy>
<ColumnProxy name="package_title" id="B43AEA72-8BA1-17A5-48CD-85F640FA98E9">
<createdBy>Namjeongwoo</createdBy>
<createdTime>2019-03-05 00:50:46 UTC</createdTime>
<ownerDesignName>tt</ownerDesignName>
</ColumnProxy>
<ColumnProxy name="package_max_person" id="C42DEACD-B2D8-A077-B048-272873628DC7">
<createdBy>Namjeongwoo</createdBy>
<createdTime>2019-03-05 00:48:27 UTC</createdTime>
<ownerDesignName>tt</ownerDesignName>
</ColumnProxy>
<ColumnProxy name="package_rloc" id="D409EB6C-E85B-7E35-6713-515E60ADF32F">
<createdBy>Namjeongwoo</createdBy>
<createdTime>2019-03-05 00:28:01 UTC</createdTime>
<ownerDesignName>tt</ownerDesignName>
</ColumnProxy>
<ColumnProxy name="package_upload" id="D740845E-5F53-F3EA-C925-0DE56E44F378">
<createdBy>Namjeongwoo</createdBy>
<createdTime>2019-03-05 00:50:46 UTC</createdTime>
<ownerDesignName>tt</ownerDesignName>
</ColumnProxy>
<ColumnProxy name="package_content" id="EA59DD25-A1D7-538C-8CF4-2BB830549155">
<createdBy>Namjeongwoo</createdBy>
<createdTime>2019-03-05 00:50:46 UTC</createdTime>
<ownerDesignName>tt</ownerDesignName>
</ColumnProxy>
</columnProxies>
<primaryKeys>
<PrimaryKey class="oracle.dbtools.crest.model.design.storage.oracle.v10g.PKProxyOraclev10g" name="package_PK" id="26063E73-B35A-385E-AB06-9899905091C5">
<createdBy>Namjeongwoo</createdBy>
<createdTime>2019-03-04 07:00:03 UTC</createdTime>
<ownerDesignName>tt</ownerDesignName>
<indexSort>SORTED</indexSort>
</PrimaryKey>
</primaryKeys>
</TableProxyOraclev11g>