<?xml version = '1.0' encoding = 'UTF-8'?>
<TableProxyOraclev11g class="oracle.dbtools.crest.model.design.storage.oracle.v11g.TableProxyOraclev11g" name="tt_ticket" directorySegmentName="seg_0" id="9D35EB74-7516-2C86-29DE-0C50B433E047">
<createdBy>Namjeongwoo</createdBy>
<createdTime>2019-03-04 06:52:20 UTC</createdTime>
<ownerDesignName>tt</ownerDesignName>
<logging>YES</logging>
<partitionedRowMovement>DISABLE</partitionedRowMovement>
<temporaryChanged>false</temporaryChanged>
<accessDriverType>oracle_loader</accessDriverType>
<rejectLimit></rejectLimit>
<columnProxies itemClass="oracle.dbtools.crest.model.design.storage.oracle.v12c.ColumnProxyOraclev12c">
<ColumnProxy name="id" id="14AA402E-CFC2-91A7-8BE9-7817675FA347">
<createdBy>Namjeongwoo</createdBy>
<createdTime>2019-03-04 06:52:20 UTC</createdTime>
<ownerDesignName>tt</ownerDesignName>
</ColumnProxy>
<ColumnProxy name="seat_num" id="180D29BC-615E-443F-01A5-5EC01A17F396">
<createdBy>Namjeongwoo</createdBy>
<createdTime>2019-03-04 06:52:20 UTC</createdTime>
<ownerDesignName>tt</ownerDesignName>
</ColumnProxy>
<ColumnProxy name="train_name" id="3509FEA2-668D-8B37-C63E-F5597B7B6E53">
<createdBy>Namjeongwoo</createdBy>
<createdTime>2019-03-04 06:52:20 UTC</createdTime>
<ownerDesignName>tt</ownerDesignName>
</ColumnProxy>
<ColumnProxy name="start_date" id="502222AF-3D61-5EF7-7BE5-8AC359F22C0B">
<createdBy>Namjeongwoo</createdBy>
<createdTime>2019-03-04 06:52:20 UTC</createdTime>
<ownerDesignName>tt</ownerDesignName>
</ColumnProxy>
<ColumnProxy name="package_num" id="6CCF92A1-0B5F-8DA5-E99E-48FB7080B898">
<createdBy>Namjeongwoo</createdBy>
<createdTime>2019-03-05 00:45:59 UTC</createdTime>
<ownerDesignName>tt</ownerDesignName>
</ColumnProxy>
<ColumnProxy name="start_time" id="BE321823-04BB-2A28-DF29-FE4E6BA95B69">
<createdBy>Namjeongwoo</createdBy>
<createdTime>2019-03-04 06:52:20 UTC</createdTime>
<ownerDesignName>tt</ownerDesignName>
</ColumnProxy>
<ColumnProxy name="start_loc" id="F5A0DE10-8483-99FC-C211-87DF280C2408">
<createdBy>Namjeongwoo</createdBy>
<createdTime>2019-03-04 06:52:20 UTC</createdTime>
<ownerDesignName>tt</ownerDesignName>
</ColumnProxy>
<ColumnProxy name="arrive_loc" id="FB1A09D0-05BE-8720-9F04-71A8B7A9AD8B">
<createdBy>Namjeongwoo</createdBy>
<createdTime>2019-03-04 06:52:20 UTC</createdTime>
<ownerDesignName>tt</ownerDesignName>
</ColumnProxy>
</columnProxies>
<foreignKeys>
<ForeignKey class="oracle.dbtools.crest.model.design.storage.oracle.v10g.FKProxyOraclev10g" name="ticket_package_FK" id="046E0FFC-4ED9-BFD8-0C3F-FE6B3A983D07">
<createdBy>Namjeongwoo</createdBy>
<createdTime>2019-03-05 00:46:08 UTC</createdTime>
<ownerDesignName>tt</ownerDesignName>
</ForeignKey>
<ForeignKey class="oracle.dbtools.crest.model.design.storage.oracle.v10g.FKProxyOraclev10g" name="tt_ticket_tt_location_FKv1" id="1CF80250-41C7-BF20-047E-928B8AD75B67">
<createdBy>Namjeongwoo</createdBy>
<createdTime>2019-03-05 01:15:15 UTC</createdTime>
<ownerDesignName>tt</ownerDesignName>
</ForeignKey>
<ForeignKey class="oracle.dbtools.crest.model.design.storage.oracle.v10g.FKProxyOraclev10g" name="ticket_train_FK" id="7A114CBB-7E6C-2115-C372-540E3E0716F0">
<createdBy>Namjeongwoo</createdBy>
<createdTime>2019-03-05 01:01:05 UTC</createdTime>
<ownerDesignName>tt</ownerDesignName>
</ForeignKey>
<ForeignKey class="oracle.dbtools.crest.model.design.storage.oracle.v10g.FKProxyOraclev10g" name="tt_ticket_tt_location_FK" id="96D943D1-EBAC-1876-09C0-7328FB1DF17B">
<createdBy>Namjeongwoo</createdBy>
<createdTime>2019-03-05 01:15:05 UTC</createdTime>
<ownerDesignName>tt</ownerDesignName>
</ForeignKey>
<ForeignKey class="oracle.dbtools.crest.model.design.storage.oracle.v10g.FKProxyOraclev10g" name="ticket_member_FK" id="BC25FBC3-F6A9-AFC6-2C2B-854F0C9480C9">
<createdBy>Namjeongwoo</createdBy>
<createdTime>2019-03-04 06:52:20 UTC</createdTime>
<ownerDesignName>tt</ownerDesignName>
</ForeignKey>
</foreignKeys>
</TableProxyOraclev11g>