<?xml version = '1.0' encoding = 'UTF-8'?>
<TableProxyOraclev11g class="oracle.dbtools.crest.model.design.storage.oracle.v11g.TableProxyOraclev11g" name="tt_train" directorySegmentName="seg_1" id="266CFABC-D298-FC9A-8B1D-9E3D1D42CE8A">
<createdBy>Namjeongwoo</createdBy>
<createdTime>2019-03-05 00:30:38 UTC</createdTime>
<ownerDesignName>tt</ownerDesignName>
<logging>YES</logging>
<partitionedRowMovement>DISABLE</partitionedRowMovement>
<temporaryChanged>false</temporaryChanged>
<accessDriverType>oracle_loader</accessDriverType>
<rejectLimit></rejectLimit>
<columnProxies itemClass="oracle.dbtools.crest.model.design.storage.oracle.v12c.ColumnProxyOraclev12c">
<ColumnProxy name="train_time" id="94AE60EE-878A-A5D7-6735-5D91DD3307D3">
<createdBy>Namjeongwoo</createdBy>
<createdTime>2019-03-05 01:09:11 UTC</createdTime>
<ownerDesignName>tt</ownerDesignName>
</ColumnProxy>
<ColumnProxy name="train_name" id="BDECCD9F-5DEE-8075-F1DC-928DC9CC62AF">
<createdBy>Namjeongwoo</createdBy>
<createdTime>2019-03-05 00:58:13 UTC</createdTime>
<ownerDesignName>tt</ownerDesignName>
</ColumnProxy>
</columnProxies>
<primaryKeys>
<PrimaryKey class="oracle.dbtools.crest.model.design.storage.oracle.v10g.PKProxyOraclev10g" name="train_PK" id="39F61EFF-9A1D-CC22-CD9E-908AF27A62CE">
<createdBy>Namjeongwoo</createdBy>
<createdTime>2019-03-05 00:58:13 UTC</createdTime>
<ownerDesignName>tt</ownerDesignName>
<indexSort>SORTED</indexSort>
</PrimaryKey>
</primaryKeys>
</TableProxyOraclev11g>