<?xml version = '1.0' encoding = 'UTF-8'?>
<TableProxyOraclev11g class="oracle.dbtools.crest.model.design.storage.oracle.v11g.TableProxyOraclev11g" name="tt_location" directorySegmentName="seg_1" id="A2507937-F846-8CFB-C9EF-472B7D723B5D">
<createdBy>Namjeongwoo</createdBy>
<createdTime>2019-03-05 01:09:42 UTC</createdTime>
<ownerDesignName>tt</ownerDesignName>
<logging>YES</logging>
<partitionedRowMovement>DISABLE</partitionedRowMovement>
<temporaryChanged>false</temporaryChanged>
<accessDriverType>oracle_loader</accessDriverType>
<rejectLimit></rejectLimit>
<columnProxies itemClass="oracle.dbtools.crest.model.design.storage.oracle.v12c.ColumnProxyOraclev12c">
<ColumnProxy name="loc" id="7D23B847-5147-72C8-3F4E-6EA5DD234104">
<createdBy>Namjeongwoo</createdBy>
<createdTime>2019-03-05 01:11:38 UTC</createdTime>
<ownerDesignName>tt</ownerDesignName>
</ColumnProxy>
<ColumnProxy name="loc_num" id="E47EF27E-71A0-AF72-E855-E997953CBA1C">
<createdBy>Namjeongwoo</createdBy>
<createdTime>2019-03-05 01:11:38 UTC</createdTime>
<ownerDesignName>tt</ownerDesignName>
</ColumnProxy>
</columnProxies>
<primaryKeys>
<PrimaryKey class="oracle.dbtools.crest.model.design.storage.oracle.v10g.PKProxyOraclev10g" name="tt_location_PK" id="D6BAE2BF-C9CD-9E02-0A02-86D81CBF564F">
<createdBy>Namjeongwoo</createdBy>
<createdTime>2019-03-05 01:14:52 UTC</createdTime>
<ownerDesignName>tt</ownerDesignName>
<indexSort>SORTED</indexSort>
</PrimaryKey>
</primaryKeys>
</TableProxyOraclev11g>