<?xml version = '1.0' encoding = 'UTF-8'?>
<FKIndexAssociation class="oracle.dbtools.crest.model.design.relational.FKIndexAssociation" directorySegmentName="seg_0" id="01C33C7F-A366-A64E-AD24-F68B15E02A4A" containerWithKeyObject="3D5D9719-A577-A898-28B2-705F39B0FA6B" localFKIndex="DDDC6A64-6632-604B-D471-7134C6715F89" name="tt_comm_member_FK">
<createdBy>Namjeongwoo</createdBy>
<createdTime>2019-03-04 07:38:38 UTC</createdTime>
<ownerDesignName>tt</ownerDesignName>
<referredTableLongName>member</referredTableLongName>
<deleteRule>NO ACTION</deleteRule>
<referredTableID>5BDDD909-BA95-964B-0D1A-55F7594CD4E4</referredTableID>
<keyObject>61AA6ED0-1AC9-5199-A3B0-F7A5FB366D69</keyObject>
<referredKeyID>61AA6ED0-1AC9-5199-A3B0-F7A5FB366D69</referredKeyID>
<mandatory>true</mandatory>
<refColNames>id</refColNames>
<transferable>true</transferable>
<rely>false</rely>
<columnDependencyConstraintGenerateInDDL>true</columnDependencyConstraintGenerateInDDL>
</FKIndexAssociation>