<?xml version = '1.0' encoding = 'UTF-8'?>
<FKIndexAssociation class="oracle.dbtools.crest.model.design.relational.FKIndexAssociation" directorySegmentName="seg_0" id="24179F9E-4266-1DB8-8632-7861BEF8AC4A" containerWithKeyObject="9D35EB74-7516-2C86-29DE-0C50B433E047" localFKIndex="1CF80250-41C7-BF20-047E-928B8AD75B67" name="tt_ticket_tt_location_FKv1">
<createdBy>Namjeongwoo</createdBy>
<createdTime>2019-03-05 01:15:15 UTC</createdTime>
<ownerDesignName>tt</ownerDesignName>
<referredTableLongName>tt_location</referredTableLongName>
<deleteRule>NO ACTION</deleteRule>
<referredTableID>A2507937-F846-8CFB-C9EF-472B7D723B5D</referredTableID>
<keyObject>D6BAE2BF-C9CD-9E02-0A02-86D81CBF564F</keyObject>
<referredKeyID>D6BAE2BF-C9CD-9E02-0A02-86D81CBF564F</referredKeyID>
<mandatory>true</mandatory>
<refColNames>loc</refColNames>
<transferable>true</transferable>
<rely>false</rely>
<columnDependencyConstraintGenerateInDDL>true</columnDependencyConstraintGenerateInDDL>
</FKIndexAssociation>