<?xml version = '1.0' encoding = 'UTF-8'?>
<FKIndexAssociation class="oracle.dbtools.crest.model.design.relational.FKIndexAssociation" directorySegmentName="seg_0" id="287515A4-1FB8-A233-D5F8-9109C49C1749" containerWithKeyObject="9D35EB74-7516-2C86-29DE-0C50B433E047" localFKIndex="BC25FBC3-F6A9-AFC6-2C2B-854F0C9480C9" name="ticket_member_FK">
<createdBy>Namjeongwoo</createdBy>
<createdTime>2019-03-04 06:44:38 UTC</createdTime>
<ownerDesignName>tt</ownerDesignName>
<referredTableLongName>member</referredTableLongName>
<deleteRule>NO ACTION</deleteRule>
<referredTableID>5BDDD909-BA95-964B-0D1A-55F7594CD4E4</referredTableID>
<keyObject>61AA6ED0-1AC9-5199-A3B0-F7A5FB366D69</keyObject>
<referredKeyID>61AA6ED0-1AC9-5199-A3B0-F7A5FB366D69</referredKeyID>
<mandatory>true</mandatory>
<refColNames>id</refColNames>
<transferable>true</transferable>
<rely>false</rely>
<columnDependencyConstraintGenerateInDDL>true</columnDependencyConstraintGenerateInDDL>
</FKIndexAssociation>