<?xml version = '1.0' encoding = 'UTF-8'?>
<FKIndexAssociation class="oracle.dbtools.crest.model.design.relational.FKIndexAssociation" directorySegmentName="seg_0" id="31720CDA-4D8F-ACCE-D61A-034BBEBF9F87" containerWithKeyObject="9D35EB74-7516-2C86-29DE-0C50B433E047" localFKIndex="046E0FFC-4ED9-BFD8-0C3F-FE6B3A983D07" name="ticket_package_FK">
<createdBy>Namjeongwoo</createdBy>
<createdTime>2019-03-05 00:46:08 UTC</createdTime>
<ownerDesignName>tt</ownerDesignName>
<referredTableLongName>tt_package</referredTableLongName>
<deleteRule>NO ACTION</deleteRule>
<referredTableID>78A6CF92-7928-DFFE-AE26-2E836FE211F0</referredTableID>
<keyObject>26063E73-B35A-385E-AB06-9899905091C5</keyObject>
<referredKeyID>26063E73-B35A-385E-AB06-9899905091C5</referredKeyID>
<mandatory>true</mandatory>
<refColNames>package_num</refColNames>
<transferable>true</transferable>
<rely>false</rely>
<columnDependencyConstraintGenerateInDDL>true</columnDependencyConstraintGenerateInDDL>
</FKIndexAssociation>