<?xml version = '1.0' encoding = 'UTF-8'?>
<FKIndexAssociation class="oracle.dbtools.crest.model.design.relational.FKIndexAssociation" directorySegmentName="seg_0" id="7E906A84-FF58-D962-FF9B-E0DC05987839" containerWithKeyObject="9D35EB74-7516-2C86-29DE-0C50B433E047" localFKIndex="7A114CBB-7E6C-2115-C372-540E3E0716F0" name="ticket_train_FK">
<createdBy>Namjeongwoo</createdBy>
<createdTime>2019-03-05 01:01:05 UTC</createdTime>
<ownerDesignName>tt</ownerDesignName>
<referredTableLongName>tt_train</referredTableLongName>
<deleteRule>NO ACTION</deleteRule>
<referredTableID>266CFABC-D298-FC9A-8B1D-9E3D1D42CE8A</referredTableID>
<keyObject>39F61EFF-9A1D-CC22-CD9E-908AF27A62CE</keyObject>
<referredKeyID>39F61EFF-9A1D-CC22-CD9E-908AF27A62CE</referredKeyID>
<mandatory>true</mandatory>
<refColNames>train_name</refColNames>
<transferable>true</transferable>
<rely>false</rely>
<columnDependencyConstraintGenerateInDDL>true</columnDependencyConstraintGenerateInDDL>
</FKIndexAssociation>