<?xml version = '1.0' encoding = 'UTF-8'?>
<FKIndexAssociation class="oracle.dbtools.crest.model.design.relational.FKIndexAssociation" directorySegmentName="seg_0" id="8983CB41-16E5-1685-65FE-66C05C9B784B" containerWithKeyObject="2CF63A87-11C2-EC0B-7C98-7FC3F91F5A24" localFKIndex="D88DCD2E-E83D-6810-6A53-1740F0B056EC" name="tt_board_member_FK">
<createdBy>Namjeongwoo</createdBy>
<createdTime>2019-03-04 07:32:13 UTC</createdTime>
<ownerDesignName>tt</ownerDesignName>
<referredTableLongName>member</referredTableLongName>
<deleteRule>NO ACTION</deleteRule>
<referredTableID>5BDDD909-BA95-964B-0D1A-55F7594CD4E4</referredTableID>
<keyObject>61AA6ED0-1AC9-5199-A3B0-F7A5FB366D69</keyObject>
<referredKeyID>61AA6ED0-1AC9-5199-A3B0-F7A5FB366D69</referredKeyID>
<mandatory>true</mandatory>
<refColNames>id</refColNames>
<transferable>true</transferable>
<rely>false</rely>
<columnDependencyConstraintGenerateInDDL>true</columnDependencyConstraintGenerateInDDL>
</FKIndexAssociation>