<?xml version = '1.0' encoding = 'UTF-8'?>
<FKIndexAssociation class="oracle.dbtools.crest.model.design.relational.FKIndexAssociation" directorySegmentName="seg_0" id="96597958-5514-1401-8A3D-84164797E8C3" containerWithKeyObject="9D35EB74-7516-2C86-29DE-0C50B433E047" localFKIndex="96D943D1-EBAC-1876-09C0-7328FB1DF17B" name="tt_ticket_tt_location_FK">
<createdBy>Namjeongwoo</createdBy>
<createdTime>2019-03-05 01:15:05 UTC</createdTime>
<ownerDesignName>tt</ownerDesignName>
<referredTableLongName>tt_location</referredTableLongName>
<deleteRule>NO ACTION</deleteRule>
<referredTableID>A2507937-F846-8CFB-C9EF-472B7D723B5D</referredTableID>
<keyObject>D6BAE2BF-C9CD-9E02-0A02-86D81CBF564F</keyObject>
<referredKeyID>D6BAE2BF-C9CD-9E02-0A02-86D81CBF564F</referredKeyID>
<mandatory>true</mandatory>
<refColNames>loc</refColNames>
<transferable>true</transferable>
<rely>false</rely>
<columnDependencyConstraintGenerateInDDL>true</columnDependencyConstraintGenerateInDDL>
</FKIndexAssociation>