<?xml version = '1.0' encoding = 'UTF-8'?>
<FKIndexAssociation class="oracle.dbtools.crest.model.design.relational.FKIndexAssociation" directorySegmentName="seg_0" id="E90BF64A-A83B-DEF2-0711-866B0A4C2D63" containerWithKeyObject="3D5D9719-A577-A898-28B2-705F39B0FA6B" localFKIndex="6A55DBE9-34DA-B262-FFF6-EB86C59E3B51" name="tt_comm_tt_board_FK">
<createdBy>Namjeongwoo</createdBy>
<createdTime>2019-03-04 07:35:42 UTC</createdTime>
<ownerDesignName>tt</ownerDesignName>
<referredTableLongName>tt_board</referredTableLongName>
<deleteRule>NO ACTION</deleteRule>
<referredTableID>2CF63A87-11C2-EC0B-7C98-7FC3F91F5A24</referredTableID>
<keyObject>CA256139-C433-100E-2A44-D5476F3D0C27</keyObject>
<referredKeyID>CA256139-C433-100E-2A44-D5476F3D0C27</referredKeyID>
<mandatory>true</mandatory>
<refColNames>tt_board_num</refColNames>
<transferable>true</transferable>
<rely>false</rely>
<columnDependencyConstraintGenerateInDDL>true</columnDependencyConstraintGenerateInDDL>
</FKIndexAssociation>