<?xml version = '1.0' encoding = 'UTF-8'?>
<Diagram class="oracle.dbtools.crest.swingui.relational.DPVRelational" name="Relational_2" id="82A0A3AC-BB6C-47FD-4D54-172827C45AB9">
<createdBy>Namjeongwoo</createdBy>
<modifiedBy>Namjeongwoo</modifiedBy>
<createdTime>2019-03-04 06:35:50 UTC</createdTime>
<autoRoute>false</autoRoute>
<boxInbox>true</boxInbox>
<showLegend>false</showLegend>
<showLabels>false</showLabels>
<showRelAttributes>false</showRelAttributes>
<gridEnabled>false</gridEnabled>
<showGrid>false</showGrid>
<diagramColor>-1</diagramColor>
<display>false</display>
<notation>1</notation>
<objectViews>
<OView class="oracle.dbtools.crest.swingui.relational.TVTable" oid="266CFABC-D298-FC9A-8B1D-9E3D1D42CE8A" otype="Table" vid="136F3DD0-27C0-AA42-338E-787450DF3071">
<hideElementsInCurrentOnly>false</hideElementsInCurrentOnly>
<bounds x="620" y="383" width="279" height="201"/>
</OView>
<OView class="oracle.dbtools.crest.swingui.relational.TVTable" oid="2CF63A87-11C2-EC0B-7C98-7FC3F91F5A24" otype="Table" vid="11E4289D-BB45-D934-9A7F-BBEA76EF0696">
<hideElementsInCurrentOnly>false</hideElementsInCurrentOnly>
<bounds x="1087" y="44" width="208" height="252"/>
</OView>
<OView class="oracle.dbtools.crest.swingui.relational.TVTable" oid="3D5D9719-A577-A898-28B2-705F39B0FA6B" otype="Table" vid="E908E9A9-033A-0A80-E836-1E0D9F7458E0">
<hideElementsInCurrentOnly>false</hideElementsInCurrentOnly>
<bounds x="1097" y="430" width="208" height="194"/>
</OView>
<OView class="oracle.dbtools.crest.swingui.relational.TVTable" oid="5BDDD909-BA95-964B-0D1A-55F7594CD4E4" otype="Table" vid="3726610A-0206-952F-E04C-5D62C2EA8A43">
<hideElementsInCurrentOnly>false</hideElementsInCurrentOnly>
<bounds x="675" y="50" width="219" height="245"/>
</OView>
<OView class="oracle.dbtools.crest.swingui.relational.TVTable" oid="78A6CF92-7928-DFFE-AE26-2E836FE211F0" otype="Table" vid="4D0AD99D-D2DE-6253-E683-782E74ECE3CD">
<hideElementsInCurrentOnly>false</hideElementsInCurrentOnly>
<bounds x="77" y="76" width="216" height="274"/>
</OView>
<OView class="oracle.dbtools.crest.swingui.relational.TVTable" oid="9D35EB74-7516-2C86-29DE-0C50B433E047" otype="Table" vid="049304BF-A202-B09D-3181-5682204EA021">
<hideElementsInCurrentOnly>false</hideElementsInCurrentOnly>
<bounds x="366" y="53" width="215" height="287"/>
</OView>
<OView class="oracle.dbtools.crest.swingui.relational.TVTable" oid="A2507937-F846-8CFB-C9EF-472B7D723B5D" otype="Table" vid="EC85A35B-9C23-43BA-A176-3C20CB4E58F4">
<hideElementsInCurrentOnly>false</hideElementsInCurrentOnly>
<bounds x="195" y="389" width="283" height="189"/>
</OView>
</objectViews>
<connectors>
<Connector class="oracle.dbtools.crest.swingui.relational.TVFKRelation" oid="01C33C7F-A366-A64E-AD24-F68B15E02A4A" otype="FKIndexAssociation" vid_source="3726610A-0206-952F-E04C-5D62C2EA8A43" vid_target="E908E9A9-033A-0A80-E836-1E0D9F7458E0">
<hideElementsInCurrentOnly>false</hideElementsInCurrentOnly>
<backgroundColor>-16777216</backgroundColor>
<lineWidth>1</lineWidth>
<points>
<point x="766" y="295"/>
<point x="1097" y="430"/>
</points>
</Connector>
<Connector class="oracle.dbtools.crest.swingui.relational.TVFKRelation" oid="24179F9E-4266-1DB8-8632-7861BEF8AC4A" otype="FKIndexAssociation" vid_source="EC85A35B-9C23-43BA-A176-3C20CB4E58F4" vid_target="049304BF-A202-B09D-3181-5682204EA021">
<hideElementsInCurrentOnly>false</hideElementsInCurrentOnly>
<backgroundColor>-16777216</backgroundColor>
<lineWidth>1</lineWidth>
<points>
<point x="437" y="389"/>
<point x="437" y="340"/>
</points>
</Connector>
<Connector class="oracle.dbtools.crest.swingui.relational.TVFKRelation" oid="287515A4-1FB8-A233-D5F8-9109C49C1749" otype="FKIndexAssociation" vid_source="3726610A-0206-952F-E04C-5D62C2EA8A43" vid_target="049304BF-A202-B09D-3181-5682204EA021">
<hideElementsInCurrentOnly>false</hideElementsInCurrentOnly>
<backgroundColor>-16777216</backgroundColor>
<lineWidth>1</lineWidth>
<points>
<point x="675" y="174"/>
<point x="581" y="174"/>
</points>
</Connector>
<Connector class="oracle.dbtools.crest.swingui.relational.TVFKRelation" oid="31720CDA-4D8F-ACCE-D61A-034BBEBF9F87" otype="FKIndexAssociation" vid_source="4D0AD99D-D2DE-6253-E683-782E74ECE3CD" vid_target="049304BF-A202-B09D-3181-5682204EA021">
<hideElementsInCurrentOnly>false</hideElementsInCurrentOnly>
<backgroundColor>-16777216</backgroundColor>
<lineWidth>1</lineWidth>
<points>
<point x="293" y="193"/>
<point x="366" y="193"/>
</points>
</Connector>
<Connector class="oracle.dbtools.crest.swingui.relational.TVFKRelation" oid="7E906A84-FF58-D962-FF9B-E0DC05987839" otype="FKIndexAssociation" vid_source="136F3DD0-27C0-AA42-338E-787450DF3071" vid_target="049304BF-A202-B09D-3181-5682204EA021">
<hideElementsInCurrentOnly>false</hideElementsInCurrentOnly>
<backgroundColor>-16777216</backgroundColor>
<lineWidth>1</lineWidth>
<points>
<point x="620" y="409"/>
<point x="366" y="213"/>
</points>
</Connector>
<Connector class="oracle.dbtools.crest.swingui.relational.TVFKRelation" oid="8983CB41-16E5-1685-65FE-66C05C9B784B" otype="FKIndexAssociation" vid_source="3726610A-0206-952F-E04C-5D62C2EA8A43" vid_target="11E4289D-BB45-D934-9A7F-BBEA76EF0696">
<hideElementsInCurrentOnly>false</hideElementsInCurrentOnly>
<backgroundColor>-16777216</backgroundColor>
<lineWidth>1</lineWidth>
<points>
<point x="894" y="172"/>
<point x="1087" y="172"/>
</points>
</Connector>
<Connector class="oracle.dbtools.crest.swingui.relational.TVFKRelation" oid="96597958-5514-1401-8A3D-84164797E8C3" otype="FKIndexAssociation" vid_source="EC85A35B-9C23-43BA-A176-3C20CB4E58F4" vid_target="049304BF-A202-B09D-3181-5682204EA021">
<hideElementsInCurrentOnly>false</hideElementsInCurrentOnly>
<backgroundColor>-16777216</backgroundColor>
<lineWidth>1</lineWidth>
<points>
<point x="422" y="389"/>
<point x="422" y="340"/>
</points>
</Connector>
<Connector class="oracle.dbtools.crest.swingui.relational.TVFKRelation" oid="E90BF64A-A83B-DEF2-0711-866B0A4C2D63" otype="FKIndexAssociation" vid_source="11E4289D-BB45-D934-9A7F-BBEA76EF0696" vid_target="E908E9A9-033A-0A80-E836-1E0D9F7458E0">
<hideElementsInCurrentOnly>false</hideElementsInCurrentOnly>
<backgroundColor>-16777216</backgroundColor>
<lineWidth>1</lineWidth>
<points>
<point x="1196" y="296"/>
<point x="1196" y="430"/>
</points>
</Connector>
</connectors>
</Diagram>