<?xml version = '1.0' encoding = 'UTF-8'?>
<SegmentOraclev10g class="oracle.dbtools.crest.model.design.storage.oracle.v10g.SegmentOraclev10g" name="Storage2" directorySegmentName="seg_0" id="56920A6F-7C47-95B8-FAEA-28F7F5B7CE71">
<createdBy>Namjeongwoo</createdBy>
<createdTime>2019-03-04 06:52:21 UTC</createdTime>
<ownerDesignName>tt</ownerDesignName>
<maxTrans>255</maxTrans>
<scInitialExtent>65536</scInitialExtent>
<scMaxExtents>2147483645</scMaxExtents>
<scNextExtent>1048576</scNextExtent>
</SegmentOraclev10g>