<?xml version = '1.0' encoding = 'UTF-8'?>
<Table class="oracle.dbtools.crest.model.design.relational.Table" directorySegmentName="seg_0" id="266CFABC-D298-FC9A-8B1D-9E3D1D42CE8A" name="tt_train">
<createdBy>Namjeongwoo</createdBy>
<createdTime>2019-03-05 00:30:38 UTC</createdTime>
<ownerDesignName>tt</ownerDesignName>
<ordsAlias>table_56</ordsAlias>
<allowColumnReorder>false</allowColumnReorder>
<existDependencyGenerateInDDl>true</existDependencyGenerateInDDl>
<parsed>true</parsed>
<columns itemClass="oracle.dbtools.crest.model.design.relational.Column">
<Column name="train_name" id="BDECCD9F-5DEE-8075-F1DC-928DC9CC62AF">
<createdBy>Namjeongwoo</createdBy>
<createdTime>2019-03-05 00:58:13 UTC</createdTime>
<ownerDesignName>tt</ownerDesignName>
<useDomainConstraints>false</useDomainConstraints>
<use>1</use>
<logicalDatatype>LOGDT024</logicalDatatype>
<dataTypeSize>20 CHAR</dataTypeSize>
<ownDataTypeParameters>20 CHAR,,</ownDataTypeParameters>
<autoIncrementCycle>false</autoIncrementCycle>
</Column>
<Column name="train_time" id="94AE60EE-878A-A5D7-6735-5D91DD3307D3">
<createdBy>Namjeongwoo</createdBy>
<createdTime>2019-03-05 01:09:11 UTC</createdTime>
<ownerDesignName>tt</ownerDesignName>
<nullsAllowed>true</nullsAllowed>
<useDomainConstraints>false</useDomainConstraints>
<use>1</use>
<logicalDatatype>LOGDT024</logicalDatatype>
<dataTypeSize>20 CHAR</dataTypeSize>
<ownDataTypeParameters>20 CHAR,,</ownDataTypeParameters>
<autoIncrementCycle>false</autoIncrementCycle>
</Column>
</columns>
<indexes itemClass="oracle.dbtools.crest.model.design.relational.Index">
<ind_PK_UK id="39F61EFF-9A1D-CC22-CD9E-908AF27A62CE" name="train_PK">
<createdBy>Namjeongwoo</createdBy>
<createdTime>2019-03-05 00:58:13 UTC</createdTime>
<ownerDesignName>tt</ownerDesignName>
<pk>true</pk>
<indexState>Primary Constraint</indexState>
<isSurrogateKey>false</isSurrogateKey>
<indexColumnUsage>
<colUsage columnID="BDECCD9F-5DEE-8075-F1DC-928DC9CC62AF"/>
</indexColumnUsage>
</ind_PK_UK>
</indexes>
</Table>