<?xml version = '1.0' encoding = 'UTF-8'?>
<Table class="oracle.dbtools.crest.model.design.relational.Table" directorySegmentName="seg_0" id="2CF63A87-11C2-EC0B-7C98-7FC3F91F5A24" name="tt_board">
<createdBy>Namjeongwoo</createdBy>
<createdTime>2019-03-04 06:36:46 UTC</createdTime>
<ownerDesignName>tt</ownerDesignName>
<ordsAlias>table_6</ordsAlias>
<allowColumnReorder>false</allowColumnReorder>
<existDependencyGenerateInDDl>true</existDependencyGenerateInDDl>
<parsed>true</parsed>
<columns itemClass="oracle.dbtools.crest.model.design.relational.Column">
<Column name="tt_board_num" id="B1F8DC25-E632-3BFC-2A4B-D2A744C444CE">
<createdBy>Namjeongwoo</createdBy>
<createdTime>2019-03-04 07:28:07 UTC</createdTime>
<ownerDesignName>tt</ownerDesignName>
<useDomainConstraints>false</useDomainConstraints>
<use>1</use>
<logicalDatatype>LOGDT019</logicalDatatype>
<dataTypePrecision>100</dataTypePrecision>
<ownDataTypeParameters>,100,</ownDataTypeParameters>
<autoIncrementCycle>false</autoIncrementCycle>
</Column>
<Column name="tt_board_title" id="FFB75A46-61EF-094D-6352-57F77B5C78DD">
<createdBy>Namjeongwoo</createdBy>
<createdTime>2019-03-04 07:28:07 UTC</createdTime>
<ownerDesignName>tt</ownerDesignName>
<nullsAllowed>true</nullsAllowed>
<useDomainConstraints>false</useDomainConstraints>
<use>1</use>
<logicalDatatype>LOGDT024</logicalDatatype>
<dataTypeSize>100 BYTE</dataTypeSize>
<ownDataTypeParameters>100 BYTE,,</ownDataTypeParameters>
<autoIncrementCycle>false</autoIncrementCycle>
</Column>
<Column name="tt_board_content" id="2749A18F-27E0-119A-B907-AB5D302BC442">
<createdBy>Namjeongwoo</createdBy>
<createdTime>2019-03-04 07:28:07 UTC</createdTime>
<ownerDesignName>tt</ownerDesignName>
<nullsAllowed>true</nullsAllowed>
<useDomainConstraints>false</useDomainConstraints>
<use>1</use>
<logicalDatatype>LOGDT024</logicalDatatype>
<dataTypeSize>1000 CHAR</dataTypeSize>
<ownDataTypeParameters>1000 CHAR,,</ownDataTypeParameters>
<autoIncrementCycle>false</autoIncrementCycle>
</Column>
<Column name="tt_board_cnt" id="2BD33611-F463-163A-57A4-D2C97E020D89">
<createdBy>Namjeongwoo</createdBy>
<createdTime>2019-03-04 07:28:07 UTC</createdTime>
<ownerDesignName>tt</ownerDesignName>
<nullsAllowed>true</nullsAllowed>
<useDomainConstraints>false</useDomainConstraints>
<use>1</use>
<logicalDatatype>LOGDT019</logicalDatatype>
<dataTypePrecision>100</dataTypePrecision>
<ownDataTypeParameters>,100,</ownDataTypeParameters>
<autoIncrementCycle>false</autoIncrementCycle>
</Column>
<Column name="id" id="993DAB13-9C5C-BD5D-5DA7-898F9D264393">
<createdBy>Namjeongwoo</createdBy>
<createdTime>2019-03-04 07:31:43 UTC</createdTime>
<ownerDesignName>tt</ownerDesignName>
<useDomainConstraints>false</useDomainConstraints>
<use>1</use>
<logicalDatatype>LOGDT024</logicalDatatype>
<dataTypeSize>50 CHAR</dataTypeSize>
<ownDataTypeParameters>,,</ownDataTypeParameters>
<autoIncrementCycle>false</autoIncrementCycle>
<associations>
<colAssociation fkAssociation="8983CB41-16E5-1685-65FE-66C05C9B784B" referredColumn="5CC194B1-B9AA-B497-FDC9-A0D296AF1517"/>
</associations>
</Column>
<Column name="tt_board_date" id="0E13C42A-825C-8581-8726-2A82B8C637BA">
<createdBy>Namjeongwoo</createdBy>
<createdTime>2019-03-04 07:33:13 UTC</createdTime>
<ownerDesignName>tt</ownerDesignName>
<nullsAllowed>true</nullsAllowed>
<useDomainConstraints>false</useDomainConstraints>
<use>1</use>
<logicalDatatype>LOGDT007</logicalDatatype>
<ownDataTypeParameters>,,</ownDataTypeParameters>
<autoIncrementCycle>false</autoIncrementCycle>
</Column>
<Column name="tt_board_upload" id="369B9867-A321-D8BF-A6D0-49AC690E4315">
<createdBy>Namjeongwoo</createdBy>
<createdTime>2019-03-04 07:33:50 UTC</createdTime>
<ownerDesignName>tt</ownerDesignName>
<nullsAllowed>true</nullsAllowed>
<useDomainConstraints>false</useDomainConstraints>
<use>1</use>
<logicalDatatype>LOGDT024</logicalDatatype>
<dataTypeSize>50 CHAR</dataTypeSize>
<ownDataTypeParameters>50 CHAR,,</ownDataTypeParameters>
<autoIncrementCycle>false</autoIncrementCycle>
</Column>
</columns>
<indexes itemClass="oracle.dbtools.crest.model.design.relational.Index">
<ind_PK_UK id="CA256139-C433-100E-2A44-D5476F3D0C27" name="tt_board_PK">
<createdBy>Namjeongwoo</createdBy>
<createdTime>2019-03-04 07:28:07 UTC</createdTime>
<ownerDesignName>tt</ownerDesignName>
<pk>true</pk>
<indexState>Primary Constraint</indexState>
<isSurrogateKey>false</isSurrogateKey>
<indexColumnUsage>
<colUsage columnID="B1F8DC25-E632-3BFC-2A4B-D2A744C444CE"/>
</indexColumnUsage>
</ind_PK_UK>
<ind_PK_UK id="D88DCD2E-E83D-6810-6A53-1740F0B056EC" name="tt_board_member_FK">
<createdBy>Namjeongwoo</createdBy>
<createdTime>2019-03-04 07:32:13 UTC</createdTime>
<ownerDesignName>tt</ownerDesignName>
<indexState>Foreign Key</indexState>
<isSurrogateKey>false</isSurrogateKey>
<indexColumnUsage>
<colUsage columnID="993DAB13-9C5C-BD5D-5DA7-898F9D264393"/>
</indexColumnUsage>
</ind_PK_UK>
</indexes>
</Table>