<?xml version = '1.0' encoding = 'UTF-8'?>
<Table class="oracle.dbtools.crest.model.design.relational.Table" directorySegmentName="seg_0" id="3D5D9719-A577-A898-28B2-705F39B0FA6B" name="tt_comm">
<createdBy>Namjeongwoo</createdBy>
<createdTime>2019-03-04 06:36:51 UTC</createdTime>
<ownerDesignName>tt</ownerDesignName>
<ordsAlias>table_7</ordsAlias>
<allowColumnReorder>false</allowColumnReorder>
<existDependencyGenerateInDDl>true</existDependencyGenerateInDDl>
<parsed>true</parsed>
<columns itemClass="oracle.dbtools.crest.model.design.relational.Column">
<Column name="tt_board_num" id="16A3373E-8EE1-8410-41DA-69C5DAEB9266">
<createdBy>Namjeongwoo</createdBy>
<createdTime>2019-03-04 07:35:06 UTC</createdTime>
<ownerDesignName>tt</ownerDesignName>
<useDomainConstraints>false</useDomainConstraints>
<use>1</use>
<logicalDatatype>LOGDT019</logicalDatatype>
<dataTypePrecision>100</dataTypePrecision>
<ownDataTypeParameters>,,</ownDataTypeParameters>
<autoIncrementCycle>false</autoIncrementCycle>
<associations>
<colAssociation fkAssociation="E90BF64A-A83B-DEF2-0711-866B0A4C2D63" referredColumn="B1F8DC25-E632-3BFC-2A4B-D2A744C444CE"/>
</associations>
</Column>
<Column name="tt_comm_num" id="67008E11-BE39-0401-DB2F-1C302465DC17">
<createdBy>Namjeongwoo</createdBy>
<createdTime>2019-03-04 07:35:06 UTC</createdTime>
<ownerDesignName>tt</ownerDesignName>
<useDomainConstraints>false</useDomainConstraints>
<use>1</use>
<logicalDatatype>LOGDT019</logicalDatatype>
<dataTypePrecision>100</dataTypePrecision>
<ownDataTypeParameters>,100,</ownDataTypeParameters>
<autoIncrementCycle>false</autoIncrementCycle>
</Column>
<Column name="tt_comm_reply" id="A842BDB2-78EA-75BE-CE3A-D0814030C888">
<createdBy>Namjeongwoo</createdBy>
<createdTime>2019-03-04 07:36:37 UTC</createdTime>
<ownerDesignName>tt</ownerDesignName>
<nullsAllowed>true</nullsAllowed>
<useDomainConstraints>false</useDomainConstraints>
<use>1</use>
<logicalDatatype>LOGDT024</logicalDatatype>
<dataTypeSize>50 CHAR</dataTypeSize>
<ownDataTypeParameters>50 CHAR,,</ownDataTypeParameters>
<autoIncrementCycle>false</autoIncrementCycle>
</Column>
<Column name="tt_comm_date" id="997D204D-8983-4556-656C-EFB74F3CAF0A">
<createdBy>Namjeongwoo</createdBy>
<createdTime>2019-03-04 07:37:01 UTC</createdTime>
<ownerDesignName>tt</ownerDesignName>
<nullsAllowed>true</nullsAllowed>
<useDomainConstraints>false</useDomainConstraints>
<use>1</use>
<logicalDatatype>LOGDT024</logicalDatatype>
<dataTypeSize>50 CHAR</dataTypeSize>
<ownDataTypeParameters>50 CHAR,,</ownDataTypeParameters>
<autoIncrementCycle>false</autoIncrementCycle>
</Column>
<Column name="id" id="7DFB9F2A-1C65-7014-FDF6-81B85E25E71C">
<createdBy>Namjeongwoo</createdBy>
<createdTime>2019-03-04 07:38:28 UTC</createdTime>
<ownerDesignName>tt</ownerDesignName>
<useDomainConstraints>false</useDomainConstraints>
<use>1</use>
<logicalDatatype>LOGDT024</logicalDatatype>
<dataTypeSize>50 CHAR</dataTypeSize>
<ownDataTypeParameters>,,</ownDataTypeParameters>
<autoIncrementCycle>false</autoIncrementCycle>
<associations>
<colAssociation fkAssociation="01C33C7F-A366-A64E-AD24-F68B15E02A4A" referredColumn="5CC194B1-B9AA-B497-FDC9-A0D296AF1517"/>
</associations>
</Column>
</columns>
<indexes itemClass="oracle.dbtools.crest.model.design.relational.Index">
<ind_PK_UK id="69049338-239C-D9CF-9D1B-2C86D31CC1EA" name="tt_comm_PK">
<createdBy>Namjeongwoo</createdBy>
<createdTime>2019-03-04 07:35:06 UTC</createdTime>
<ownerDesignName>tt</ownerDesignName>
<pk>true</pk>
<indexState>Primary Constraint</indexState>
<isSurrogateKey>false</isSurrogateKey>
<indexColumnUsage>
<colUsage columnID="67008E11-BE39-0401-DB2F-1C302465DC17"/>
</indexColumnUsage>
</ind_PK_UK>
<ind_PK_UK id="6A55DBE9-34DA-B262-FFF6-EB86C59E3B51" name="tt_comm_tt_board_FK">
<createdBy>Namjeongwoo</createdBy>
<createdTime>2019-03-04 07:35:42 UTC</createdTime>
<ownerDesignName>tt</ownerDesignName>
<indexState>Foreign Key</indexState>
<isSurrogateKey>false</isSurrogateKey>
<indexColumnUsage>
<colUsage columnID="16A3373E-8EE1-8410-41DA-69C5DAEB9266"/>
</indexColumnUsage>
</ind_PK_UK>
<ind_PK_UK id="DDDC6A64-6632-604B-D471-7134C6715F89" name="tt_comm_member_FK">
<createdBy>Namjeongwoo</createdBy>
<createdTime>2019-03-04 07:38:38 UTC</createdTime>
<ownerDesignName>tt</ownerDesignName>
<indexState>Foreign Key</indexState>
<isSurrogateKey>false</isSurrogateKey>
<indexColumnUsage>
<colUsage columnID="7DFB9F2A-1C65-7014-FDF6-81B85E25E71C"/>
</indexColumnUsage>
</ind_PK_UK>
</indexes>
</Table>