<?xml version = '1.0' encoding = 'UTF-8'?>
<Table class="oracle.dbtools.crest.model.design.relational.Table" directorySegmentName="seg_0" id="5BDDD909-BA95-964B-0D1A-55F7594CD4E4" name="tt_member">
<createdBy>Namjeongwoo</createdBy>
<createdTime>2019-03-04 06:36:36 UTC</createdTime>
<ownerDesignName>tt</ownerDesignName>
<ordsAlias>table_4</ordsAlias>
<allowColumnReorder>false</allowColumnReorder>
<existDependencyGenerateInDDl>true</existDependencyGenerateInDDl>
<parsed>true</parsed>
<columns itemClass="oracle.dbtools.crest.model.design.relational.Column">
<Column name="id" id="5CC194B1-B9AA-B497-FDC9-A0D296AF1517">
<createdBy>Namjeongwoo</createdBy>
<createdTime>2019-03-04 06:38:26 UTC</createdTime>
<ownerDesignName>tt</ownerDesignName>
<useDomainConstraints>false</useDomainConstraints>
<use>1</use>
<logicalDatatype>LOGDT024</logicalDatatype>
<dataTypeSize>50 CHAR</dataTypeSize>
<ownDataTypeParameters>50 CHAR,,</ownDataTypeParameters>
<autoIncrementCycle>false</autoIncrementCycle>
</Column>
<Column name="admin_pass" id="A0ED59F3-15BA-D7BA-61FC-D75C0A001A22">
<createdBy>Namjeongwoo</createdBy>
<createdTime>2019-03-04 07:44:29 UTC</createdTime>
<ownerDesignName>tt</ownerDesignName>
<nullsAllowed>true</nullsAllowed>
<useDomainConstraints>false</useDomainConstraints>
<use>1</use>
<logicalDatatype>LOGDT024</logicalDatatype>
<dataTypeSize>20 CHAR</dataTypeSize>
<ownDataTypeParameters>20 CHAR,,</ownDataTypeParameters>
<autoIncrementCycle>false</autoIncrementCycle>
</Column>
</columns>
<indexes itemClass="oracle.dbtools.crest.model.design.relational.Index">
<ind_PK_UK id="61AA6ED0-1AC9-5199-A3B0-F7A5FB366D69" name="member_PK">
<createdBy>Namjeongwoo</createdBy>
<createdTime>2019-03-04 06:38:26 UTC</createdTime>
<ownerDesignName>tt</ownerDesignName>
<pk>true</pk>
<indexState>Primary Constraint</indexState>
<isSurrogateKey>false</isSurrogateKey>
<indexColumnUsage>
<colUsage columnID="5CC194B1-B9AA-B497-FDC9-A0D296AF1517"/>
</indexColumnUsage>
</ind_PK_UK>
</indexes>
</Table>