<?xml version = '1.0' encoding = 'UTF-8'?>
<Table class="oracle.dbtools.crest.model.design.relational.Table" directorySegmentName="seg_0" id="78A6CF92-7928-DFFE-AE26-2E836FE211F0" name="tt_package">
<createdBy>Namjeongwoo</createdBy>
<createdTime>2019-03-04 06:36:40 UTC</createdTime>
<ownerDesignName>tt</ownerDesignName>
<ordsAlias>table_5</ordsAlias>
<allowColumnReorder>false</allowColumnReorder>
<existDependencyGenerateInDDl>true</existDependencyGenerateInDDl>
<parsed>true</parsed>
<columns itemClass="oracle.dbtools.crest.model.design.relational.Column">
<Column name="package_num" id="4F8B5B82-D3C2-0064-59FE-8504431292BC">
<createdBy>Namjeongwoo</createdBy>
<createdTime>2019-03-04 07:00:03 UTC</createdTime>
<ownerDesignName>tt</ownerDesignName>
<useDomainConstraints>false</useDomainConstraints>
<use>1</use>
<logicalDatatype>LOGDT019</logicalDatatype>
<dataTypePrecision>50</dataTypePrecision>
<ownDataTypeParameters>,50,</ownDataTypeParameters>
<autoIncrementCycle>false</autoIncrementCycle>
</Column>
<Column name="package_sdate" id="0CFD3A86-13BF-3CF1-C418-6613BA920B8F">
<createdBy>Namjeongwoo</createdBy>
<createdTime>2019-03-04 07:00:03 UTC</createdTime>
<ownerDesignName>tt</ownerDesignName>
<nullsAllowed>true</nullsAllowed>
<useDomainConstraints>false</useDomainConstraints>
<use>1</use>
<logicalDatatype>LOGDT007</logicalDatatype>
<ownDataTypeParameters>,,</ownDataTypeParameters>
<autoIncrementCycle>false</autoIncrementCycle>
</Column>
<Column name="package_start_time" id="3D6F6ED2-19CB-B959-68AA-EDA20578BB39">
<createdBy>Namjeongwoo</createdBy>
<createdTime>2019-03-04 07:08:25 UTC</createdTime>
<ownerDesignName>tt</ownerDesignName>
<nullsAllowed>true</nullsAllowed>
<useDomainConstraints>false</useDomainConstraints>
<use>1</use>
<logicalDatatype>LOGDT024</logicalDatatype>
<dataTypeSize>20 CHAR</dataTypeSize>
<ownDataTypeParameters>20 CHAR,,</ownDataTypeParameters>
<autoIncrementCycle>false</autoIncrementCycle>
</Column>
<Column name="package_rdate" id="A1BCF0F6-C89A-1BCD-2BAD-D2F793665C14">
<createdBy>Namjeongwoo</createdBy>
<createdTime>2019-03-05 00:26:32 UTC</createdTime>
<ownerDesignName>tt</ownerDesignName>
<nullsAllowed>true</nullsAllowed>
<useDomainConstraints>false</useDomainConstraints>
<use>1</use>
<logicalDatatype>LOGDT007</logicalDatatype>
<ownDataTypeParameters>,,</ownDataTypeParameters>
<autoIncrementCycle>false</autoIncrementCycle>
</Column>
<Column name="package_sloc" id="2F17D556-0A74-9876-26DC-3F36117BB851">
<createdBy>Namjeongwoo</createdBy>
<createdTime>2019-03-05 00:28:01 UTC</createdTime>
<ownerDesignName>tt</ownerDesignName>
<nullsAllowed>true</nullsAllowed>
<useDomainConstraints>false</useDomainConstraints>
<use>1</use>
<logicalDatatype>LOGDT024</logicalDatatype>
<dataTypeSize>20 CHAR</dataTypeSize>
<ownDataTypeParameters>20 CHAR,,</ownDataTypeParameters>
<autoIncrementCycle>false</autoIncrementCycle>
</Column>
<Column name="package_rloc" id="D409EB6C-E85B-7E35-6713-515E60ADF32F">
<createdBy>Namjeongwoo</createdBy>
<createdTime>2019-03-05 00:28:01 UTC</createdTime>
<ownerDesignName>tt</ownerDesignName>
<nullsAllowed>true</nullsAllowed>
<useDomainConstraints>false</useDomainConstraints>
<use>1</use>
<logicalDatatype>LOGDT024</logicalDatatype>
<dataTypeSize>20 CHAR</dataTypeSize>
<ownDataTypeParameters>20 CHAR,,</ownDataTypeParameters>
<autoIncrementCycle>false</autoIncrementCycle>
</Column>
<Column name="package_return_time" id="7086C34C-05D2-529F-8AD4-6905780DEBDC">
<createdBy>Namjeongwoo</createdBy>
<createdTime>2019-03-05 00:29:13 UTC</createdTime>
<ownerDesignName>tt</ownerDesignName>
<nullsAllowed>true</nullsAllowed>
<useDomainConstraints>false</useDomainConstraints>
<use>1</use>
<logicalDatatype>LOGDT024</logicalDatatype>
<dataTypeSize>20 CHAR</dataTypeSize>
<ownDataTypeParameters>20 CHAR,,</ownDataTypeParameters>
<autoIncrementCycle>false</autoIncrementCycle>
</Column>
<Column name="package_max_person" id="C42DEACD-B2D8-A077-B048-272873628DC7">
<createdBy>Namjeongwoo</createdBy>
<createdTime>2019-03-05 00:48:27 UTC</createdTime>
<ownerDesignName>tt</ownerDesignName>
<nullsAllowed>true</nullsAllowed>
<useDomainConstraints>false</useDomainConstraints>
<use>1</use>
<logicalDatatype>LOGDT019</logicalDatatype>
<dataTypePrecision>10</dataTypePrecision>
<ownDataTypeParameters>,10,</ownDataTypeParameters>
<autoIncrementCycle>false</autoIncrementCycle>
</Column>
<Column name="package_title" id="B43AEA72-8BA1-17A5-48CD-85F640FA98E9">
<createdBy>Namjeongwoo</createdBy>
<createdTime>2019-03-05 00:50:46 UTC</createdTime>
<ownerDesignName>tt</ownerDesignName>
<nullsAllowed>true</nullsAllowed>
<useDomainConstraints>false</useDomainConstraints>
<use>1</use>
<logicalDatatype>LOGDT024</logicalDatatype>
<dataTypeSize>50 CHAR</dataTypeSize>
<ownDataTypeParameters>50 CHAR,,</ownDataTypeParameters>
<autoIncrementCycle>false</autoIncrementCycle>
</Column>
<Column name="package_content" id="EA59DD25-A1D7-538C-8CF4-2BB830549155">
<createdBy>Namjeongwoo</createdBy>
<createdTime>2019-03-05 00:50:46 UTC</createdTime>
<ownerDesignName>tt</ownerDesignName>
<nullsAllowed>true</nullsAllowed>
<useDomainConstraints>false</useDomainConstraints>
<use>1</use>
<logicalDatatype>LOGDT024</logicalDatatype>
<dataTypeSize>100 CHAR</dataTypeSize>
<ownDataTypeParameters>100 CHAR,,</ownDataTypeParameters>
<autoIncrementCycle>false</autoIncrementCycle>
</Column>
<Column name="package_upload" id="D740845E-5F53-F3EA-C925-0DE56E44F378">
<createdBy>Namjeongwoo</createdBy>
<createdTime>2019-03-05 00:50:46 UTC</createdTime>
<ownerDesignName>tt</ownerDesignName>
<nullsAllowed>true</nullsAllowed>
<useDomainConstraints>false</useDomainConstraints>
<use>1</use>
<logicalDatatype>LOGDT024</logicalDatatype>
<dataTypeSize>50 CHAR</dataTypeSize>
<ownDataTypeParameters>50 CHAR,,</ownDataTypeParameters>
<autoIncrementCycle>false</autoIncrementCycle>
</Column>
</columns>
<indexes itemClass="oracle.dbtools.crest.model.design.relational.Index">
<ind_PK_UK id="26063E73-B35A-385E-AB06-9899905091C5" name="package_PK">
<createdBy>Namjeongwoo</createdBy>
<createdTime>2019-03-04 07:00:03 UTC</createdTime>
<ownerDesignName>tt</ownerDesignName>
<pk>true</pk>
<indexState>Primary Constraint</indexState>
<isSurrogateKey>false</isSurrogateKey>
<indexColumnUsage>
<colUsage columnID="4F8B5B82-D3C2-0064-59FE-8504431292BC"/>
</indexColumnUsage>
</ind_PK_UK>
</indexes>
</Table>