<?xml version = '1.0' encoding = 'UTF-8'?>
<Table class="oracle.dbtools.crest.model.design.relational.Table" directorySegmentName="seg_0" id="9D35EB74-7516-2C86-29DE-0C50B433E047" name="tt_ticket">
<createdBy>Namjeongwoo</createdBy>
<createdTime>2019-03-04 06:36:19 UTC</createdTime>
<ownerDesignName>tt</ownerDesignName>
<ordsAlias>table_2</ordsAlias>
<allowColumnReorder>false</allowColumnReorder>
<existDependencyGenerateInDDl>true</existDependencyGenerateInDDl>
<parsed>true</parsed>
<columns itemClass="oracle.dbtools.crest.model.design.relational.Column">
<Column name="id" id="14AA402E-CFC2-91A7-8BE9-7817675FA347">
<createdBy>Namjeongwoo</createdBy>
<createdTime>2019-03-04 06:38:57 UTC</createdTime>
<ownerDesignName>tt</ownerDesignName>
<useDomainConstraints>false</useDomainConstraints>
<use>1</use>
<logicalDatatype>LOGDT024</logicalDatatype>
<dataTypeSize>50 CHAR</dataTypeSize>
<ownDataTypeParameters>,,</ownDataTypeParameters>
<autoIncrementCycle>false</autoIncrementCycle>
<associations>
<colAssociation fkAssociation="287515A4-1FB8-A233-D5F8-9109C49C1749" referredColumn="5CC194B1-B9AA-B497-FDC9-A0D296AF1517"/>
</associations>
</Column>
<Column name="start_date" id="502222AF-3D61-5EF7-7BE5-8AC359F22C0B">
<createdBy>Namjeongwoo</createdBy>
<createdTime>2019-03-04 06:38:57 UTC</createdTime>
<ownerDesignName>tt</ownerDesignName>
<nullsAllowed>true</nullsAllowed>
<useDomainConstraints>false</useDomainConstraints>
<use>1</use>
<logicalDatatype>LOGDT007</logicalDatatype>
<ownDataTypeParameters>,,</ownDataTypeParameters>
<autoIncrementCycle>false</autoIncrementCycle>
</Column>
<Column name="start_time" id="BE321823-04BB-2A28-DF29-FE4E6BA95B69">
<createdBy>Namjeongwoo</createdBy>
<createdTime>2019-03-04 06:38:57 UTC</createdTime>
<ownerDesignName>tt</ownerDesignName>
<nullsAllowed>true</nullsAllowed>
<useDomainConstraints>false</useDomainConstraints>
<use>1</use>
<logicalDatatype>LOGDT024</logicalDatatype>
<dataTypeSize>20 CHAR</dataTypeSize>
<ownDataTypeParameters>20 CHAR,,</ownDataTypeParameters>
<autoIncrementCycle>false</autoIncrementCycle>
</Column>
<Column name="start_loc" id="F5A0DE10-8483-99FC-C211-87DF280C2408">
<createdBy>Namjeongwoo</createdBy>
<createdTime>2019-03-04 06:38:57 UTC</createdTime>
<ownerDesignName>tt</ownerDesignName>
<useDomainConstraints>false</useDomainConstraints>
<use>1</use>
<logicalDatatype>LOGDT024</logicalDatatype>
<dataTypeSize>20 CHAR</dataTypeSize>
<ownDataTypeParameters>,,</ownDataTypeParameters>
<autoIncrementCycle>false</autoIncrementCycle>
<associations>
<colAssociation fkAssociation="96597958-5514-1401-8A3D-84164797E8C3" referredColumn="7D23B847-5147-72C8-3F4E-6EA5DD234104"/>
</associations>
</Column>
<Column name="arrive_loc" id="FB1A09D0-05BE-8720-9F04-71A8B7A9AD8B">
<createdBy>Namjeongwoo</createdBy>
<createdTime>2019-03-04 06:38:57 UTC</createdTime>
<ownerDesignName>tt</ownerDesignName>
<useDomainConstraints>false</useDomainConstraints>
<use>1</use>
<logicalDatatype>LOGDT024</logicalDatatype>
<dataTypeSize>20 CHAR</dataTypeSize>
<ownDataTypeParameters>,,</ownDataTypeParameters>
<autoIncrementCycle>false</autoIncrementCycle>
<associations>
<colAssociation fkAssociation="24179F9E-4266-1DB8-8632-7861BEF8AC4A" referredColumn="7D23B847-5147-72C8-3F4E-6EA5DD234104"/>
</associations>
</Column>
<Column name="train_name" id="3509FEA2-668D-8B37-C63E-F5597B7B6E53">
<createdBy>Namjeongwoo</createdBy>
<createdTime>2019-03-04 06:49:32 UTC</createdTime>
<ownerDesignName>tt</ownerDesignName>
<useDomainConstraints>false</useDomainConstraints>
<use>1</use>
<logicalDatatype>LOGDT024</logicalDatatype>
<dataTypeSize>20 CHAR</dataTypeSize>
<ownDataTypeParameters>,,</ownDataTypeParameters>
<autoIncrementCycle>false</autoIncrementCycle>
<associations>
<colAssociation fkAssociation="7E906A84-FF58-D962-FF9B-E0DC05987839" referredColumn="BDECCD9F-5DEE-8075-F1DC-928DC9CC62AF"/>
</associations>
</Column>
<Column name="seat_num" id="180D29BC-615E-443F-01A5-5EC01A17F396">
<createdBy>Namjeongwoo</createdBy>
<createdTime>2019-03-04 06:49:52 UTC</createdTime>
<ownerDesignName>tt</ownerDesignName>
<nullsAllowed>true</nullsAllowed>
<useDomainConstraints>false</useDomainConstraints>
<use>1</use>
<logicalDatatype>LOGDT024</logicalDatatype>
<dataTypeSize>20 CHAR</dataTypeSize>
<ownDataTypeParameters>20 CHAR,,</ownDataTypeParameters>
<autoIncrementCycle>false</autoIncrementCycle>
</Column>
<Column name="package_num" id="6CCF92A1-0B5F-8DA5-E99E-48FB7080B898">
<createdBy>Namjeongwoo</createdBy>
<createdTime>2019-03-05 00:45:59 UTC</createdTime>
<ownerDesignName>tt</ownerDesignName>
<useDomainConstraints>false</useDomainConstraints>
<use>1</use>
<logicalDatatype>LOGDT019</logicalDatatype>
<dataTypePrecision>50</dataTypePrecision>
<ownDataTypeParameters>,,</ownDataTypeParameters>
<autoIncrementCycle>false</autoIncrementCycle>
<associations>
<colAssociation fkAssociation="31720CDA-4D8F-ACCE-D61A-034BBEBF9F87" referredColumn="4F8B5B82-D3C2-0064-59FE-8504431292BC"/>
</associations>
</Column>
</columns>
<indexes itemClass="oracle.dbtools.crest.model.design.relational.Index">
<ind_PK_UK id="BC25FBC3-F6A9-AFC6-2C2B-854F0C9480C9" name="ticket_member_FK">
<createdBy>Namjeongwoo</createdBy>
<createdTime>2019-03-04 06:44:38 UTC</createdTime>
<ownerDesignName>tt</ownerDesignName>
<indexState>Foreign Key</indexState>
<isSurrogateKey>false</isSurrogateKey>
<indexColumnUsage>
<colUsage columnID="14AA402E-CFC2-91A7-8BE9-7817675FA347"/>
</indexColumnUsage>
</ind_PK_UK>
<ind_PK_UK id="046E0FFC-4ED9-BFD8-0C3F-FE6B3A983D07" name="ticket_package_FK">
<createdBy>Namjeongwoo</createdBy>
<createdTime>2019-03-05 00:46:08 UTC</createdTime>
<ownerDesignName>tt</ownerDesignName>
<indexState>Foreign Key</indexState>
<isSurrogateKey>false</isSurrogateKey>
<indexColumnUsage>
<colUsage columnID="6CCF92A1-0B5F-8DA5-E99E-48FB7080B898"/>
</indexColumnUsage>
</ind_PK_UK>
<ind_PK_UK id="7A114CBB-7E6C-2115-C372-540E3E0716F0" name="ticket_train_FK">
<createdBy>Namjeongwoo</createdBy>
<createdTime>2019-03-05 01:01:05 UTC</createdTime>
<ownerDesignName>tt</ownerDesignName>
<indexState>Foreign Key</indexState>
<isSurrogateKey>false</isSurrogateKey>
<indexColumnUsage>
<colUsage columnID="3509FEA2-668D-8B37-C63E-F5597B7B6E53"/>
</indexColumnUsage>
</ind_PK_UK>
<ind_PK_UK id="96D943D1-EBAC-1876-09C0-7328FB1DF17B" name="tt_ticket_tt_location_FK">
<createdBy>Namjeongwoo</createdBy>
<createdTime>2019-03-05 01:15:05 UTC</createdTime>
<ownerDesignName>tt</ownerDesignName>
<indexState>Foreign Key</indexState>
<isSurrogateKey>false</isSurrogateKey>
<indexColumnUsage>
<colUsage columnID="F5A0DE10-8483-99FC-C211-87DF280C2408"/>
</indexColumnUsage>
</ind_PK_UK>
<ind_PK_UK id="1CF80250-41C7-BF20-047E-928B8AD75B67" name="tt_ticket_tt_location_FKv1">
<createdBy>Namjeongwoo</createdBy>
<createdTime>2019-03-05 01:15:15 UTC</createdTime>
<ownerDesignName>tt</ownerDesignName>
<indexState>Foreign Key</indexState>
<isSurrogateKey>false</isSurrogateKey>
<indexColumnUsage>
<colUsage columnID="FB1A09D0-05BE-8720-9F04-71A8B7A9AD8B"/>
</indexColumnUsage>
</ind_PK_UK>
</indexes>
</Table>