<?xml version = '1.0' encoding = 'UTF-8'?>
<Table class="oracle.dbtools.crest.model.design.relational.Table" directorySegmentName="seg_0" id="A2507937-F846-8CFB-C9EF-472B7D723B5D" name="tt_location">
<createdBy>Namjeongwoo</createdBy>
<createdTime>2019-03-05 01:09:42 UTC</createdTime>
<ownerDesignName>tt</ownerDesignName>
<ordsAlias>table_88</ordsAlias>
<allowColumnReorder>false</allowColumnReorder>
<existDependencyGenerateInDDl>true</existDependencyGenerateInDDl>
<parsed>true</parsed>
<columns itemClass="oracle.dbtools.crest.model.design.relational.Column">
<Column name="loc" id="7D23B847-5147-72C8-3F4E-6EA5DD234104">
<createdBy>Namjeongwoo</createdBy>
<createdTime>2019-03-05 01:11:38 UTC</createdTime>
<ownerDesignName>tt</ownerDesignName>
<useDomainConstraints>false</useDomainConstraints>
<use>1</use>
<logicalDatatype>LOGDT024</logicalDatatype>
<dataTypeSize>20 CHAR</dataTypeSize>
<ownDataTypeParameters>20 CHAR,,</ownDataTypeParameters>
<autoIncrementCycle>false</autoIncrementCycle>
</Column>
<Column name="loc_num" id="E47EF27E-71A0-AF72-E855-E997953CBA1C">
<createdBy>Namjeongwoo</createdBy>
<createdTime>2019-03-05 01:11:38 UTC</createdTime>
<ownerDesignName>tt</ownerDesignName>
<nullsAllowed>true</nullsAllowed>
<useDomainConstraints>false</useDomainConstraints>
<use>1</use>
<logicalDatatype>LOGDT019</logicalDatatype>
<dataTypePrecision>10</dataTypePrecision>
<ownDataTypeParameters>,10,</ownDataTypeParameters>
<autoIncrementCycle>false</autoIncrementCycle>
</Column>
</columns>
<indexes itemClass="oracle.dbtools.crest.model.design.relational.Index">
<ind_PK_UK id="D6BAE2BF-C9CD-9E02-0A02-86D81CBF564F" name="tt_location_PK">
<createdBy>Namjeongwoo</createdBy>
<createdTime>2019-03-05 01:14:52 UTC</createdTime>
<ownerDesignName>tt</ownerDesignName>
<pk>true</pk>
<indexState>Primary Constraint</indexState>
<isSurrogateKey>false</isSurrogateKey>
<indexColumnUsage>
<colUsage columnID="7D23B847-5147-72C8-3F4E-6EA5DD234104"/>
</indexColumnUsage>
</ind_PK_UK>
</indexes>
</Table>